Comp3,Comp2,Comp1,Comp4,Comp5,Comp9,Comp12,Comp6,Comp7,Comp10,prognosis
-0.0074964757308213,-0.031833136239421,-0.371701139303883,-0.2229894870385589,-0.3139270140015948,-0.0594697759741626,0.2495651800830945,0.3935163634642644,0.7495068893016964,-0.2953146415472042,Fungal Infection
-0.193988644332887,-0.0284433488749152,-0.417328099000869,-0.3130529428123725,-0.3113267836160776,-0.0363594810615968,0.0289462948846754,0.3511492186572813,0.4516071537867843,-0.2397142169829102,Fungal Infection
-0.0172635960455876,0.1450709421885431,-0.5591720232142658,0.0240133021134083,-0.0735526279941257,-0.0460172261800911,0.0483220514837063,0.0012057158112729,0.1158167486320404,-0.1627154833001847,Fungal Infection
0.170445154414153,0.13793727001001,-0.4775073656672788,0.1328322300226478,-0.0361782426643094,-0.0536761578116406,0.2074879252418959,-0.0041331083825451,0.3065226451374668,-0.1412700633885859,Fungal Infection
-0.1939886443328926,-0.0284433488749126,-0.4173280990008665,-0.313052942812373,-0.3113267836160781,-0.0363594810615973,0.0289462948846736,0.3511492186572803,0.451607153786781,-0.2397142169829086,Fungal Infection
-0.006279893873155,-0.0355770210534427,-0.3356634414538971,-0.2042340149031307,-0.2739523982862666,-0.0440184126931438,0.188112168642865,0.3458103944634565,0.6423130502922122,-0.2182687970713048,Fungal Infection
0.1704451544141536,0.1379372700100086,-0.4775073656672803,0.1328322300226485,-0.0361782426643098,-0.0536761578116392,0.207487925241894,-0.0041331083825449,0.3065226451374661,-0.141270063388586,Fungal Infection
-0.1945969352617274,-0.0265714064679027,-0.4353469479258694,-0.3224306788800868,-0.3313140914737447,-0.0440851627021062,0.0596728006047883,0.3750022031576823,0.5052040732915246,-0.2782371392208571,Fungal Infection
-0.0068881848019847,-0.0337050786464351,-0.3536822903788825,-0.2136117509708463,-0.2939397061439316,-0.0517440943336541,0.2188386743629791,0.369663378963862,0.6959099697969549,-0.2567917193092569,Fungal Infection
0.1698368634853168,0.1398092124170223,-0.4955262145922836,0.1234544939549311,-0.0561655505219748,-0.0614018394521481,0.2382144309620116,0.0197198761178549,0.3601195646422099,-0.1797929856265324,Fungal Infection
-0.0068881848019874,-0.0337050786464362,-0.3536822903788808,-0.213611750970845,-0.2939397061439288,-0.0517440943336542,0.2188386743629794,0.3696633789638619,0.6959099697969514,-0.2567917193092565,Fungal Infection
-0.0218956477392138,0.1783718143960447,-0.647605620214134,0.0812401631677349,-0.0920227141806317,-0.6921912037534298,-0.11876656648041,-0.2247565265962195,0.0785385273405604,-0.3290263669978753,Diabetes
-0.0249309445231563,0.1949568642860846,-0.7023807363411582,0.102287518526336,-0.1321276532584387,-0.711743244617822,-0.0238719327871454,-0.3641324038645752,0.1345877620816721,-0.1020575540667201,Diabetes
-0.021895647739214,0.1783718143960397,-0.6476056202141433,0.0812401631677349,-0.0920227141806323,-0.6921912037534278,-0.1187665664804104,-0.2247565265962206,0.0785385273405605,-0.3290263669978768,Diabetes
-0.0218956477392133,0.1783718143960389,-0.6476056202141428,0.0812401631677345,-0.0920227141806314,-0.6921912037534292,-0.11876656648041,-0.2247565265962197,0.07853852734056,-0.3290263669978736,Diabetes
-0.0246875060936326,0.1934741512718319,-0.6974475959400968,0.1005154595924805,-0.1292342826298967,-0.6779662534734099,-0.0194377357817636,-0.3548037040653502,0.1308298363472169,-0.0922822410968538,Diabetes
-0.02165220930969,0.1768891013817864,-0.6426724798130811,0.0794681042338788,-0.0891293435520915,-0.658414212609017,-0.1143323694750276,-0.2154278267969957,0.0747806016061048,-0.3192510540280088,Diabetes
-0.0216522093096894,0.1768891013817865,-0.6426724798130806,0.079468104233879,-0.0891293435520908,-0.6584142126090173,-0.1143323694750278,-0.215427826796995,0.0747806016061052,-0.3192510540280092,Diabetes
-0.0246875060936342,0.1934741512718324,-0.6974475959400981,0.100515459592479,-0.1292342826298971,-0.6779662534734113,-0.0194377357817622,-0.3548037040653518,0.1308298363472171,-0.0922822410968536,Diabetes
-0.0246875060936338,0.1934741512718333,-0.6974475959400984,0.1005154595924804,-0.129234282629897,-0.6779662534734111,-0.019437735781762,-0.3548037040653513,0.1308298363472183,-0.0922822410968537,Diabetes
-0.0216522093096912,0.1768891013817875,-0.6426724798130821,0.0794681042338784,-0.0891293435520914,-0.6584142126090183,-0.1143323694750265,-0.2154278267969964,0.0747806016061056,-0.3192510540280098,Diabetes
-0.0277335420840426,0.212737886289719,-0.7621498135655679,0.1206371835188576,-0.159903318895087,-1.025667419472795,-0.0744726375463971,-0.4485961906683084,0.1676666080734488,-0.2188482616685795,Diabetes
-0.0246982453001007,0.1961528363996734,-0.7073746974385537,0.0995898281602568,-0.1197983798172818,-1.0061153786084018,-0.1693672712396606,-0.3092203133999525,0.1116173733323362,-0.4458170745997347,Diabetes
-0.0246982453000987,0.1961528363996752,-0.7073746974385525,0.0995898281602572,-0.1197983798172813,-1.0061153786084014,-0.169367271239661,-0.3092203133999536,0.1116173733323375,-0.4458170745997353,Diabetes
-0.0277335420840437,0.2127378862897201,-0.7621498135655691,0.1206371835188566,-0.1599033188950875,-1.025667419472795,-0.074472637546396,-0.4485961906683106,0.1676666080734493,-0.2188482616685795,Diabetes
-0.0277335420840436,0.2127378862897207,-0.7621498135655693,0.1206371835188576,-0.1599033188950872,-1.0256674194727955,-0.0744726375463957,-0.4485961906683103,0.1676666080734504,-0.2188482616685793,Diabetes
-0.0246982453001008,0.196152836399675,-0.7073746974385532,0.0995898281602557,-0.1197983798172815,-1.0061153786084025,-0.1693672712396601,-0.3092203133999551,0.1116173733323377,-0.4458170745997348,Diabetes
-0.0274901036545205,0.2112551732754678,-0.7572166731645082,0.1188651245850019,-0.1570099482665472,-0.9918904283283828,-0.0700384405410136,-0.4392674908690861,0.1639086823389942,-0.2090729486987133,Diabetes
-0.0274901036545198,0.2112551732754682,-0.7572166731645086,0.1188651245850027,-0.1570099482665469,-0.9918904283283828,-0.0700384405410133,-0.4392674908690855,0.1639086823389952,-0.2090729486987131,Diabetes
-0.0244548068705771,0.1946701233854238,-0.7024415570374926,0.0978177692264005,-0.1169050091887407,-0.9723383874639908,-0.1649330742342774,-0.2998916136007309,0.1078594475978822,-0.4360417616298692,Diabetes
-0.0274901036545208,0.2112551732754681,-0.7572166731645089,0.1188651245850013,-0.1570099482665473,-0.991890428328384,-0.0700384405410126,-0.439267490869087,0.1639086823389954,-0.2090729486987132,Diabetes
-0.0305361396449315,0.2305189082933558,-0.8219188907899799,0.1389868485113792,-0.1876789845317372,-1.3395915943277676,-0.1250733423056471,-0.5330599774720446,0.2007454540652266,-0.3356389692704388,Diabetes
-0.0305361396449301,0.230518908293356,-0.8219188907899787,0.1389868485113802,-0.1876789845317365,-1.3395915943277683,-0.1250733423056471,-0.5330599774720441,0.2007454540652276,-0.3356389692704385,Diabetes
-0.0275008428609853,0.2139338584033099,-0.7671437746629627,0.1179394931527782,-0.1475740454539323,-1.320039553463375,-0.2199679759989117,-0.3936841002036888,0.1446962193241137,-0.5626077822015949,Diabetes
-0.0305361396449312,0.2305189082933564,-0.8219188907899799,0.1389868485113788,-0.1876789845317373,-1.3395915943277696,-0.1250733423056459,-0.5330599774720459,0.2007454540652274,-0.3356389692704387,Diabetes
-0.0333387372058173,0.2482999302969915,-0.8816879680143893,0.157336513503901,-0.2154546501683875,-1.6535157691827411,-0.1756740470648972,-0.6175237642757797,0.2338243000570043,-0.4524296768722985,Diabetes
-0.3425226116632762,-0.3936502137912733,-0.0449090422699643,0.4736852548483195,-0.346890683601882,-0.0847142332151946,-0.3477047059720863,0.455839903691933,0.5966717895126243,0.0240358082178334,Cancer
-0.4207974436884706,0.2748201769275094,0.1053026199639465,0.2167018458174956,-0.4348712984134493,-0.0068674561771233,-0.2346815718332728,0.6247414174565158,0.5111085190210727,0.0311295251152798,Cancer
-0.1873361729467327,-0.0986875809987851,-0.221137119533716,0.1788264109896921,-0.4299112995571392,-0.0656537500224889,-0.1985214679550094,0.5779172487566555,0.778927784029089,-0.01340738025324,Cancer
-0.654245807540514,0.054144770976632,0.1017827166858245,0.1420159874842812,-0.3115388930149376,-0.0108718562225479,-0.5252065735790223,0.3996950065362553,0.0607550337742779,-0.1069140729517625,Cancer
-0.4207845367987768,-0.3193629869496641,-0.2246570228118373,0.1041405526564768,-0.306578894158627,-0.0696581500679132,-0.4890464697007586,0.3528708378363943,0.3285742987822941,-0.151450978320282,Cancer
-0.4990593688239699,0.3491074037691196,-0.0744453605779263,-0.1528428563743462,-0.3945595089701946,0.008188626970158,-0.376023335561945,0.5217723516009769,0.2430110282907424,-0.1443572614228361,Cancer
-0.4347594155279665,0.1544573613538392,0.1569176969394408,0.9144831284408704,-0.1432192361563085,-0.0388419365748748,-0.5642570693955531,0.2026935594175035,-0.004124770646518,0.1902429334838277,Cancer
-0.2012981447862278,-0.2190503965724541,-0.1695220425582223,0.876607693613067,-0.1382592372999994,-0.0976282304202402,-0.5280969655172898,0.1558693907176429,0.2636944943614985,0.1457060281153082,Cancer
-0.2795729768114218,0.4494199941463286,-0.0193103803243114,0.6196242845822427,-0.2262398521115659,-0.0197814533821688,-0.4150738313784763,0.3247709044822249,0.1781312238699469,0.1527997450127542,Cancer
-0.5130213406634658,0.2287445881954508,-0.0228302836024332,0.5449384262490284,-0.102907446713055,-0.0237858534275933,-0.7055988331242259,0.0997244935619646,-0.2722222613768479,0.0147561469457123,Cancer
-0.6120927547441036,-0.017184987302602,0.2807427722278346,0.5680391474473777,-0.4009806996359289,-0.0369098730968898,-0.5529063202744696,0.5764900467639105,0.385262554012969,0.0747212775631559,Cancer
-0.3786314840023653,-0.3906927452288967,-0.045696967269827,0.5301637126195734,-0.3960207007796197,-0.0956961669422551,-0.5167462163962062,0.5296658780640506,0.6530818190209857,0.0301843721946366,Cancer
-0.4569063160275595,0.2777776454898862,0.1045146949640841,0.2731803035887498,-0.4840013155911862,-0.0178493899041839,-0.4037230822573924,0.6985673918286335,0.5675185485294335,0.0372780890920825,Cancer
-0.6903546798796034,0.0571022395390077,0.1009947916859627,0.1984944452555351,-0.360668910192675,-0.0218537899496084,-0.6942480840031422,0.4735209809083722,0.1171650632826387,-0.1007655089749595,Cancer
-0.4708682878670549,0.1574148299162165,0.1561297719395768,0.9709615862121248,-0.1923492533340435,-0.049823870301935,-0.7332985798196735,0.2765195337896218,0.0522852588618433,0.1963914974606314,Cancer
-0.6482016270831921,-0.0142275187402261,0.2799548472279733,0.6245176052186312,-0.4501107168136657,-0.0478918068239502,-0.721947830698589,0.650316021136029,0.44167258352133,0.0808698415399593,Cancer
-0.026241378227881,0.1955775911885298,-0.7061216021883588,0.0970905024231213,-0.1507799363154878,0.7407377573329623,-0.1507871218016251,-0.2784917615902766,0.1367614037554544,-0.8291577747215239,Dementia
-0.0231237078223013,0.1932496080785009,-0.7189960221090532,0.0993854137460105,-0.1886495556455941,0.7586715021539776,-0.0959997195094162,-0.233831253263284,0.1697422045301717,-0.8644716090169621,Dementia
-0.0262413782278809,0.1955775911885295,-0.7061216021883586,0.0970905024231208,-0.1507799363154877,0.7407377573329621,-0.1507871218016256,-0.2784917615902771,0.1367614037554543,-0.8291577747215226,Dementia
-0.0231237078223016,0.1932496080785008,-0.7189960221090534,0.0993854137460106,-0.1886495556455945,0.7586715021539775,-0.0959997195094158,-0.2338312532632844,0.1697422045301715,-0.8644716090169636,Dementia
-0.0262413782278811,0.1955775911885295,-0.7061216021883587,0.0970905024231211,-0.150779936315488,0.7407377573329624,-0.1507871218016251,-0.278491761590277,0.1367614037554544,-0.8291577747215233,Dementia
-0.0231237078223008,0.1932496080785017,-0.7189960221090543,0.0993854137460111,-0.1886495556455944,0.7586715021539774,-0.0959997195094158,-0.2338312532632841,0.1697422045301717,-0.8644716090169624,Dementia
-0.0189076681375699,0.1791058941697108,-0.6742681969737727,0.0842060119657527,-0.1540081647684743,0.5501074242446756,-0.0924601562217637,-0.122978971576142,0.1301631131829598,-0.9797980382318386,Dementia
-0.0220253385431496,0.1814338772797392,-0.6613937770530779,0.0819111006428629,-0.1161385454383678,0.5321736794236602,-0.1472475585139733,-0.1676394799031348,0.0971823124082426,-0.9444842039363972,Dementia
-0.0189076681375699,0.1791058941697106,-0.6742681969737726,0.0842060119657524,-0.154008164768474,0.5501074242446753,-0.0924601562217641,-0.1229789715761419,0.1301631131829597,-0.9797980382318374,Dementia
-0.01890766813757,0.1791058941697104,-0.6742681969737732,0.0842060119657523,-0.1540081647684741,0.5501074242446754,-0.0924601562217636,-0.1229789715761421,0.1301631131829597,-0.9797980382318376,Dementia
-0.0251164826073788,0.2066185480469093,-0.7650825060053262,0.1124328558773533,-0.2161697333654532,0.9462513495948888,-0.1407052523618983,-0.274210995501154,0.1992620054587357,-1.1507431307209988,Dementia
-0.0282341530129591,0.2089465311569371,-0.752208086084631,0.1101379445544636,-0.1783001140353469,0.9283176047738726,-0.1954926546541077,-0.3188715038281466,0.1662812046840185,-1.1154292964255592,Dementia
-0.0251164826073792,0.2066185480469086,-0.7650825060053257,0.1124328558773529,-0.2161697333654532,0.946251349594888,-0.1407052523618987,-0.274210995501154,0.1992620054587356,-1.1507431307209983,Dementia
-0.0251164826073793,0.2066185480469088,-0.7650825060053261,0.112432855877353,-0.2161697333654533,0.946251349594888,-0.1407052523618982,-0.2742109955011542,0.1992620054587356,-1.1507431307209992,Dementia
-0.0209004429226478,0.1924748341381186,-0.720354680870045,0.0972534540970952,-0.1815283424883332,0.7376872716855866,-0.1371656890742461,-0.1633587138140116,0.1596829141115238,-1.2660695599358736,Dementia
-0.0271092573924569,0.2199874880153167,-0.8111689899015987,0.1254802980086956,-0.2436899110853123,1.133831197035798,-0.1854107852143805,-0.3145907377390237,0.2287818063872998,-1.437014652425034,Dementia
-0.0316683835701628,0.2206420715243712,-0.7846025327383808,0.1340174844198861,-0.2046917641293694,-0.1320004209225325,0.1910888055958096,-0.6168465351016129,0.2308078590085933,0.5456867378178186,Stroke
-0.0316683835701631,0.2206420715243714,-0.784602532738381,0.1340174844198863,-0.2046917641293698,-0.1320004209225356,0.1910888055958094,-0.6168465351016129,0.2308078590085934,0.5456867378178184,Stroke
-0.0358906542520429,0.2347987411632951,-0.8293601690685682,0.1492630508766541,-0.2394352522386427,0.0722915105437883,0.1918054850473848,-0.7290195000680474,0.2707004851865826,0.674664413509862,Stroke
-0.027446112888283,0.2064854018854475,-0.7398448964081928,0.1187719179631181,-0.1699482760200967,-0.3362923523888562,0.1903721261442344,-0.5046735701351777,0.1909152328306042,0.4167090621257742,Stroke
-0.031668383570163,0.2206420715243712,-0.7846025327383805,0.1340174844198861,-0.2046917641293698,-0.1320004209225317,0.1910888055958101,-0.6168465351016132,0.2308078590085935,0.5456867378178183,Stroke
-0.0316683835701633,0.2206420715243713,-0.7846025327383812,0.1340174844198863,-0.2046917641293701,-0.1320004209225349,0.19108880559581,-0.6168465351016131,0.2308078590085937,0.5456867378178184,Stroke
-0.0286110914031007,0.2016721359393153,-0.7211415282332065,0.112923525750343,-0.1710559889283387,0.2153506579116228,0.2263994552451685,-0.5101736974663025,0.1882618995132853,0.6316089302989066,Stroke
-0.0328333620849806,0.215828805578239,-0.7658991645633945,0.1281690922071111,-0.2057994770376116,0.4196425893779474,0.227116134696744,-0.6223466624327377,0.2281545256912748,0.760586605990951,Stroke
-0.0328333620849809,0.2158288055782392,-0.7658991645633946,0.1281690922071111,-0.2057994770376119,0.419642589377944,0.227116134696744,-0.6223466624327374,0.2281545256912748,0.7605866059909504,Stroke
-0.0286110914031009,0.2016721359393153,-0.7211415282332065,0.1129235257503431,-0.1710559889283389,0.2153506579116235,0.226399455245169,-0.5101736974663027,0.1882618995132855,0.6316089302989065,Stroke
-0.0344489857479311,0.2360382078329967,-0.8356857215846333,0.152320546101466,-0.2389365936427946,-0.1181255578077433,0.2706933841791827,-0.7340133615383938,0.2773899802461752,0.7417870356282028,Stroke
-0.038671256429811,0.2501948774719205,-0.8804433579148219,0.1675661125582342,-0.2736800817520673,0.0861663736585807,0.2714100636307583,-0.8461863265048283,0.3172826064241645,0.8707647113202468,Stroke
-0.0386712564298113,0.2501948774719206,-0.8804433579148224,0.1675661125582343,-0.2736800817520676,0.0861663736585775,0.2714100636307581,-0.8461863265048285,0.3172826064241646,0.8707647113202468,Stroke
-0.0344489857479313,0.2360382078329967,-0.835685721584633,0.1523205461014661,-0.2389365936427948,-0.1181255578077426,0.2706933841791832,-0.7340133615383936,0.2773899802461755,0.7417870356282025,Stroke
-0.0356139642627489,0.2312249418868643,-0.8169823534096474,0.146472153888691,-0.2400443065510366,0.4335174524927361,0.3067207132801173,-0.7395134888695183,0.2747366469288568,0.9566869038013348,Stroke
-0.0414518586075793,0.2655910137805459,-0.931526546761074,0.1858691742398141,-0.3079249112654925,0.10004123677337,0.3510146422141317,-0.9633531529416084,0.3638647276617464,1.0668650091306304,Stroke
-0.0899696328252994,1.6796493593634576,1.165320909698988,-0.3403908876523628,0.3525158414293269,-0.030073459180573,0.168776367093707,-0.3653432910643582,-0.5432466901925777,-0.1289573924255891,Dengue
-0.0703056941310043,1.4993400933308534,1.0565936626955053,-0.2713845294028272,0.2872421934451116,-0.0194119497806209,0.1148009639599474,-0.289250357594122,-0.4158299138769587,-0.100443791695292,Dengue
-0.0678755522998466,1.4902477793911082,1.0526573477493315,-0.2659039289261031,0.2849495285980254,-0.0179031428354253,0.1107572973728097,-0.2858081185640047,-0.4074096072996556,-0.101793158639097,Dengue
-0.0482116136055514,1.3099385133585035,0.9439301007458488,-0.1968975706765675,0.2196758806138102,-0.0072416334354732,0.0567818942390501,-0.2097151850937685,-0.2799928309840369,-0.0732795579087998,Dengue
-0.0700008278413292,1.4909926632005162,1.0509169464526422,-0.2690490540003372,0.2837616946595979,-0.0193572339537976,0.112749694677129,-0.2855170914083771,-0.4107562990580753,-0.0977249539187726,Dengue
-0.0503368891470341,1.3106833971679106,0.94218969944916,-0.2000426957508015,0.2184880466753826,-0.0086957245538455,0.0587742915433694,-0.2094241579381408,-0.2833395227424563,-0.0692113531884754,Dengue
-0.0479067473158762,1.3015910832281663,0.9382533845029872,-0.1945620952740772,0.2161953818282963,-0.0071869176086499,0.0547306249562316,-0.2059819189080237,-0.2749192161651532,-0.0705607201322803,Dengue
-0.0282428086215813,1.121281817195561,0.8295261374995043,-0.1255557370245417,0.1509217338440812,0.0034745917913021,0.000755221822472,-0.1298889854377873,-0.1475024398495342,-0.0420471194019831,Dengue
-0.0899696328252994,1.6796493593634576,1.165320909698988,-0.3403908876523628,0.3525158414293269,-0.030073459180573,0.168776367093707,-0.3653432910643582,-0.5432466901925777,-0.1289573924255891,Dengue
-0.0703056941310043,1.4993400933308534,1.0565936626955053,-0.2713845294028272,0.2872421934451116,-0.0194119497806209,0.1148009639599474,-0.289250357594122,-0.4158299138769587,-0.100443791695292,Dengue
-0.0678755522998466,1.4902477793911082,1.0526573477493315,-0.2659039289261031,0.2849495285980254,-0.0179031428354253,0.1107572973728097,-0.2858081185640047,-0.4074096072996556,-0.101793158639097,Dengue
-0.0482116136055514,1.3099385133585035,0.9439301007458488,-0.1968975706765675,0.2196758806138102,-0.0072416334354732,0.0567818942390501,-0.2097151850937685,-0.2799928309840369,-0.0732795579087998,Dengue
-0.0700008278413292,1.4909926632005162,1.0509169464526422,-0.2690490540003372,0.2837616946595979,-0.0193572339537976,0.112749694677129,-0.2855170914083771,-0.4107562990580753,-0.0977249539187726,Dengue
-0.0503368891470341,1.3106833971679106,0.94218969944916,-0.2000426957508015,0.2184880466753826,-0.0086957245538455,0.0587742915433694,-0.2094241579381408,-0.2833395227424563,-0.0692113531884754,Dengue
-0.0479067473158762,1.3015910832281663,0.9382533845029872,-0.1945620952740772,0.2161953818282963,-0.0071869176086499,0.0547306249562316,-0.2059819189080237,-0.2749192161651532,-0.0705607201322803,Dengue
-0.0282428086215813,1.121281817195561,0.8295261374995043,-0.1255557370245417,0.1509217338440812,0.0034745917913021,0.000755221822472,-0.1298889854377873,-0.1475024398495342,-0.0420471194019831,Dengue
-0.3147726066643048,1.5575313547232232,0.7488180979573699,-0.4769406465782723,0.2048170890738474,-0.0644653919947956,0.1518585683630491,-0.2590201836099551,-0.543541742750257,0.012419942233728,Dengue
-0.2951086679700098,1.3772220886906177,0.6400908509538872,-0.4079342883287365,0.139543441089632,-0.0538038825948434,0.0978831652292897,-0.1829272501397189,-0.4161249664346382,0.0409335429640252,Dengue
-0.2730145874445568,1.1878205087182672,0.5274272890042312,-0.3334473296024767,0.0719771282583305,-0.0416335662496958,0.0398640955083923,-0.1033920776393655,-0.2802878835417161,0.0680977767505174,Dengue
-0.2948038016803348,1.3688746585602816,0.634414134711025,-0.4055988129262462,0.1360629423041183,-0.0537491667680202,0.0958318959464712,-0.1791939839539742,-0.4110513516157544,0.0436523807405446,Dengue
-0.2751398629860396,1.188565392527677,0.5256868877075427,-0.3365924546767107,0.0707892943199031,-0.043087657368068,0.0418564928127116,-0.103101050483738,-0.2836345753001355,0.0721659814708418,Dengue
-0.2727097211548815,1.1794730785879313,0.5217505727613694,-0.3311118541999863,0.0684966294728168,-0.0415788504228725,0.0378128262255737,-0.0996588114536207,-0.2752142687228325,0.0708166145270368,Dengue
-0.2530457824605868,0.999163812555326,0.4130233257578866,-0.2621054959504507,0.0032229814886014,-0.0309173410229204,-0.0161625769081857,-0.0235658779833843,-0.1477974924072134,0.0993302152573341,Dengue
-0.3147726066643048,1.5575313547232232,0.7488180979573699,-0.4769406465782723,0.2048170890738474,-0.0644653919947956,0.1518585683630491,-0.2590201836099551,-0.543541742750257,0.012419942233728,Dengue
-0.2951086679700098,1.3772220886906177,0.6400908509538872,-0.4079342883287365,0.139543441089632,-0.0538038825948434,0.0978831652292897,-0.1829272501397189,-0.4161249664346382,0.0409335429640252,Dengue
-0.2926785261388519,1.368129774750873,0.6361545360077138,-0.4024536878520121,0.1372507762425457,-0.0522950756496479,0.0938394986421518,-0.1794850111096018,-0.407704659857335,0.0395841760202201,Dengue
-0.2751398629860396,1.188565392527677,0.5256868877075427,-0.3365924546767107,0.0707892943199031,-0.043087657368068,0.0418564928127116,-0.103101050483738,-0.2836345753001355,0.0721659814708418,Dengue
-0.2727097211548815,1.1794730785879313,0.5217505727613694,-0.3311118541999863,0.0684966294728168,-0.0415788504228725,0.0378128262255737,-0.0996588114536207,-0.2752142687228325,0.0708166145270368,Dengue
-0.0566859279055991,1.4447030425219654,1.0318277052251554,-0.2428414152419596,0.2771148064754373,-0.0126126695081776,0.1036295291140222,-0.2744859304186826,-0.3781508531366534,-0.1109905455289712,Dengue
-0.0370219892113039,1.2643937764893602,0.9231004582216726,-0.173835056992424,0.2118411584912219,-0.0019511601082255,0.0496541259802626,-0.1983929969484463,-0.2507340768210347,-0.082476944798674,Dengue
-0.034591847380146,1.2553014625496153,0.9191641432754996,-0.1683544565156999,0.2095484936441356,-0.0004423531630299,0.0456104593931247,-0.1949507579183291,-0.2423137702437313,-0.083826311742479,Dengue
-0.014927908685851,1.074992196517011,0.810436896272017,-0.0993480982661641,0.1442748456599202,0.010219156236922,-0.0083649437406347,-0.1188578244480927,-0.1148969939281123,-0.0553127110121817,Dengue
-0.0367171229216288,1.256046346359024,0.9174237419788104,-0.1714995815899338,0.2083606597057081,-0.0018964442814022,0.0476028566974441,-0.1946597307627015,-0.2456604620021509,-0.0797581070221545,Dengue
-0.0170531842273336,1.0757370803264192,0.8086964949753288,-0.1024932233403983,0.1430870117214929,0.0087650651185499,-0.0063725464363154,-0.1185667972924653,-0.1182436856865319,-0.0512445062918573,Dengue
-0.014623042396176,1.066644766386674,0.8047601800291551,-0.097012622863674,0.1407943468744065,0.0102738720637454,-0.0104162130234532,-0.115124558262348,-0.1098233791092288,-0.0525938732356623,Dengue
0.0050408962981192,0.8863355003540692,0.6960329330256725,-0.0280062646141383,0.0755206988901913,0.0209353814636975,-0.0643916161572127,-0.0390316247921116,0.0175933972063901,-0.0240802725053652,Dengue
-0.0566859279055991,1.4447030425219654,1.0318277052251554,-0.2428414152419596,0.2771148064754373,-0.0126126695081776,0.1036295291140222,-0.2744859304186826,-0.3781508531366534,-0.1109905455289712,Dengue
-0.0370219892113039,1.2643937764893602,0.9231004582216726,-0.173835056992424,0.2118411584912219,-0.0019511601082255,0.0496541259802626,-0.1983929969484463,-0.2507340768210347,-0.082476944798674,Dengue
-0.034591847380146,1.2553014625496153,0.9191641432754996,-0.1683544565156999,0.2095484936441356,-0.0004423531630299,0.0456104593931247,-0.1949507579183291,-0.2423137702437313,-0.083826311742479,Dengue
-0.014927908685851,1.074992196517011,0.810436896272017,-0.0993480982661641,0.1442748456599202,0.010219156236922,-0.0083649437406347,-0.1188578244480927,-0.1148969939281123,-0.0553127110121817,Dengue
-0.0367171229216288,1.256046346359024,0.9174237419788104,-0.1714995815899338,0.2083606597057081,-0.0018964442814022,0.0476028566974441,-0.1946597307627015,-0.2456604620021509,-0.0797581070221545,Dengue
1.386491409641902,-0.3382902149506629,-0.4685375365449155,-0.2584977922114004,-0.5956305781451392,0.0376604447057671,-0.3050978717834959,0.7945358466993638,-1.2044760392709657,0.3502538336642744,Dysentery
1.2665012689116353,-0.3190243021266476,-0.4221828686083315,-0.225392515359933,-0.4936066073597082,0.0312306287979118,-0.1879415181007202,0.648214732077836,-0.9618021757468442,0.2533411889471184,Dysentery
1.2526011122092628,-0.2986043812172474,-0.3753901109214162,-0.1013653942506869,-0.3190835014394078,0.046933296794632,-0.5952027734685786,0.4506090680384002,-0.9784301758316102,0.2102538175097928,Dysentery
0.94036249567958,-0.0886907714856503,-0.6267955180043062,-0.2365267877967816,-0.671030922807953,0.0073790213424271,-0.067104951442293,0.8492587209180771,-1.0387341429797554,0.3342341940116254,Dysentery
1.2665012689116353,-0.3190243021266472,-0.4221828686083316,-0.225392515359933,-0.4936066073597079,0.0312306287979118,-0.1879415181007206,0.6482147320778366,-0.9618021757468442,0.2533411889471185,Dysentery
0.923942619397843,-0.2057559582959605,-0.5970877733381205,-0.2356504586808995,-0.5407966566780018,0.0097321560989698,-0.3124880396609726,0.6816669951173067,-1.1111864406803782,0.361087951134308,Dysentery
1.2665012689116355,-0.3190243021266473,-0.4221828686083319,-0.2253925153599332,-0.4936066073597078,0.0312306287979117,-0.1879415181007208,0.6482147320778356,-0.961802175746844,0.253341188947118,Dysentery
1.132610971478996,-0.2793384683932316,-0.3290354429848323,-0.0682601173992193,-0.2170595306539766,0.0405034808867766,-0.478046419785803,0.3042879534168727,-0.7357563123074886,0.1133411727926368,Dysentery
0.8203723549493137,-0.0694248586616347,-0.580440850067722,-0.203421510945314,-0.5690069520225224,0.0009492054345718,0.0500514022404825,0.7029376062965497,-0.7960602794556346,0.2373215492944695,Dysentery
0.8064721982469409,-0.0490049377522344,-0.5336480923808068,-0.0793943898360679,-0.3944838461022216,0.016651873431292,-0.3572098531273758,0.5053319422571143,-0.8126882795403995,0.194234177857144,Dysentery
1.146511128181369,-0.2997583893026319,-0.3758282006717476,-0.1922872385084656,-0.3915826365742772,0.0248008128900565,-0.070785164417945,0.501893617456309,-0.7191283122227234,0.1564285442299625,Dysentery
1.1326109714789965,-0.279338468393231,-0.3290354429848323,-0.0682601173992194,-0.2170595306539764,0.0405034808867766,-0.4780464197858033,0.3042879534168732,-0.7357563123074885,0.113341172792637,Dysentery
0.8203723549493136,-0.0694248586616343,-0.5804408500677221,-0.203421510945314,-0.5690069520225224,0.0009492054345717,0.0500514022404822,0.7029376062965502,-0.7960602794556347,0.2373215492944696,Dysentery
0.803952478667577,-0.1864900454719452,-0.5507331054015366,-0.2025451818294321,-0.4387726858925711,0.0033023401911145,-0.1953316859781969,0.5353458804957791,-0.8685125771562578,0.2641753064171521,Dysentery
0.7900523219652039,-0.1660701245625449,-0.5039403477146214,-0.0785180607201859,-0.2642495799722704,0.0190050081878346,-0.6025929413460553,0.3377402164563434,-0.8851405772410227,0.2210879349798266,Dysentery
0.4778137054355212,0.0438434851690524,-0.7553457547975111,-0.2136794542662806,-0.6161970013408158,-0.0205492672643701,-0.0744951193197695,0.7363898693360206,-0.9454445443891688,0.3450683114816591,Dysentery
0.8039524786675775,-0.1864900454719448,-0.5507331054015367,-0.2025451818294322,-0.4387726858925712,0.0033023401911144,-0.1953316859781973,0.5353458804957796,-0.868512577156258,0.2641753064171523,Dysentery
1.146511128181369,-0.2997583893026317,-0.3758282006717479,-0.1922872385084658,-0.3915826365742771,0.0248008128900564,-0.0707851644179451,0.5018936174563082,-0.719128312222723,0.1564285442299621,Dysentery
1.1326109714789965,-0.2793384683932314,-0.3290354429848325,-0.0682601173992197,-0.2170595306539763,0.0405034808867766,-0.4780464197858035,0.3042879534168721,-0.7357563123074882,0.1133411727926366,Dysentery
0.8203723549493137,-0.0694248586616342,-0.5804408500677222,-0.2034215109453142,-0.5690069520225223,0.0009492054345716,0.050051402240482,0.7029376062965496,-0.7960602794556344,0.2373215492944693,Dysentery
1.1465111281813691,-0.2997583893026315,-0.3758282006717479,-0.192287238508466,-0.3915826365742773,0.0248008128900563,-0.0707851644179455,0.5018936174563087,-0.7191283122227232,0.1564285442299623,Dysentery
0.8039524786675775,-0.1864900454719449,-0.5507331054015366,-0.2025451818294323,-0.4387726858925708,0.0033023401911143,-0.1953316859781975,0.5353458804957787,-0.8685125771562576,0.264175306417152,Dysentery
0.4120699320738262,-0.297985654907373,-0.4506968728818589,0.0776148306788816,-0.3672380818409289,-0.0235955018207118,1.229272599355223,0.3983805448663258,-0.7811410258384671,-0.1443459578663347,Constipation
0.4055424458436874,-0.2917280700724788,-0.434104622051183,0.0681364707249756,-0.3499618570166647,-0.0194339540733445,1.0624909237367084,0.3817764404846721,-0.7253646665060722,-0.1172524977929652,Constipation
0.3983513005486231,-0.2903441103261142,-0.4188000112001068,0.0664470777274472,-0.333076631687242,-0.0157776071798321,0.9672784573959424,0.3645671426069999,-0.6925559115118858,-0.1053413957850938,Constipation
0.278179634641187,-0.2582998211739575,-0.3575494472583595,0.2347472286395952,-0.0906910051351969,-0.014322649731847,0.9391676976701409,0.0544537662053624,-0.555095162399111,-0.2843459740208161,Constipation
-0.0504788581702324,-0.1654513982526704,-0.5792471096750641,0.1004621642093826,-0.3124041603737916,-0.0515237904275092,1.2218824314777472,0.2855116932842689,-0.6878514272478805,-0.133511840396301,Constipation
-0.1843691556028716,-0.1257655645192548,-0.4860996840515647,0.2575945621700962,-0.0358570836680596,-0.0422509383386443,0.9317775297926638,-0.0584150853766944,-0.4618055638085247,-0.2735118565507824,Constipation
0.0041991035674254,0.1274279279583625,-0.5716234378766883,0.0634148871541757,-0.0850156872567419,-0.0425453052873185,0.4156448576212691,0.003917253451454,-0.1357385640364253,-0.1517676609789006,Constipation
0.1315619147699256,0.0939996790598408,-0.6481786126695116,-0.1031958707604438,-0.3442865391382096,-0.0476566096288161,0.5389680836878374,0.3312399277307638,-0.3060080681433868,0.0153258152489502,Constipation
-0.1908966418330104,-0.1195079796843606,-0.4695074332208888,0.2481162022161901,-0.0185808588437956,-0.038089390591277,0.7649958541741493,-0.0750191897583484,-0.40602920447613,-0.2464183964774129,Constipation
0.5941107050139841,-0.0385345775948615,-0.5196283758763065,-0.1260432042909447,-0.3991204606053467,-0.0197283210220187,0.5463582515653141,0.4441087793128207,-0.3992976667339732,0.0044916977789165,Constipation
0.2716521484110482,-0.2520422363390632,-0.3409571964276835,0.2252688686856893,-0.0734147803109328,-0.0101611019844797,0.772386022051626,0.0378496618237085,-0.4993188030667165,-0.2572525139474467,Constipation
0.1315619147699256,0.0939996790598408,-0.6481786126695116,-0.1031958707604438,-0.3442865391382096,-0.0476566096288161,0.5389680836878374,0.3312399277307638,-0.3060080681433868,0.0153258152489502,Constipation
-0.1735905128629721,0.0918107687148387,-1.0058563484026932,-0.0707920301842191,2.1463521426053327,0.0958196456872871,0.0250688321811426,0.9400187099778584,0.2311119257730432,0.2171825310192598,Conjunctivitis
-0.1523254708869379,0.0845236803404669,-0.8617232940972744,-0.0400250201931049,1.5423310402964494,0.0606859196815841,0.0748039886607511,0.6729841504968281,0.1624785288439906,0.110259625963249,Conjunctivitis
-0.152325470886938,0.0845236803404668,-0.8617232940972744,-0.040025020193105,1.5423310402964494,0.0606859196815842,0.0748039886607511,0.6729841504968278,0.1624785288439906,0.110259625963249,Conjunctivitis
-0.1480135292502881,0.075734496676636,-0.8787914593184629,-0.0590720968686828,1.5918346187396224,0.0615062349553196,0.0065421815957461,0.6697534711380172,0.1584674343375614,0.1340100733912096,Conjunctivitis
-0.1480135292502882,0.075734496676636,-0.8787914593184629,-0.0590720968686829,1.5918346187396222,0.0615062349553197,0.006542181595746,0.6697534711380171,0.1584674343375614,0.1340100733912096,Conjunctivitis
-0.1534869369585696,0.0850046227736132,-0.8669352187625975,-0.0407594517321388,1.5661376732934604,0.0621623096073571,0.0750205703091472,0.6843086607105724,0.1653379599228594,0.113947770059189,Conjunctivitis
-0.14625366256295,0.0741551361195982,-0.8684762666473564,-0.058263747966414,1.5468791179188703,0.0586669950416461,0.00748322518679,0.647749662100767,0.1522219439458651,0.1262527253106188,Conjunctivitis
-0.1462536625629501,0.0741551361195982,-0.8684762666473566,-0.0582637479664141,1.54687911791887,0.0586669950416462,0.0074832251867899,0.6477496621007668,0.1522219439458651,0.1262527253106188,Conjunctivitis
-0.1517270702712316,0.0834252622165754,-0.8566200260914912,-0.0399511028298699,1.521182172472708,0.0593230696936835,0.075961613900191,0.6623048516733226,0.1590924695311632,0.1061904219785983,Conjunctivitis
-0.1474151286345818,0.0746360785527446,-0.8736881913126788,-0.0589981795054478,1.5706857509158814,0.060143384967419,0.007699806835186,0.6590741723145114,0.1550813750247339,0.1299408694065588,Conjunctivitis
-0.0646136523413387,0.1646960477117308,-0.8830423235878999,-0.0209520270011816,1.503477149370336,0.0625886733063075,-0.1117668422907651,0.6514027593606183,0.1840130690853888,0.1758253013437294,Conjunctivitis
-0.0646136523413388,0.1646960477117307,-0.8830423235878999,-0.0209520270011817,1.5034771493703356,0.0625886733063076,-0.1117668422907651,0.651402759360618,0.1840130690853888,0.1758253013437294,Conjunctivitis
-0.0700870600496203,0.1739661738087078,-0.8711860830320343,-0.0026393818646376,1.4777802039241734,0.0632447479583449,-0.043288453577364,0.6659579489331736,0.1908835946706868,0.1557629980117089,Conjunctivitis
-0.0657751184129705,0.1651769901448771,-0.8882542482532227,-0.0216864585402154,1.5272837823673469,0.0640650632320805,-0.111550260642369,0.6627272695743628,0.1868725001642574,0.1795134454396696,Conjunctivitis
-0.1590950760718164,0.0846249496784147,-0.8561111546997092,-0.0434049071768026,1.4998223965231796,0.0555801958786087,0.0819669672648337,0.6492999200452991,0.1626337527303914,0.1064218566579567,Conjunctivitis
-0.1590950760718165,0.0846249496784146,-0.8561111546997092,-0.0434049071768027,1.4998223965231792,0.0555801958786088,0.0819669672648336,0.6492999200452988,0.1626337527303914,0.1064218566579567,Conjunctivitis
-0.1645684837800979,0.093895075775392,-0.8442549141438433,-0.0250922620402585,1.474125451077018,0.0562362705306462,0.1504453559782348,0.6638551096178549,0.1695042783156894,0.0863595533259361,Conjunctivitis
-0.1602565421434482,0.0851058921115611,-0.8613230793650317,-0.0441393387158365,1.5236290295201909,0.0570565858043817,0.0821835489132297,0.6606244302590438,0.1654931838092601,0.1101100007538967,Conjunctivitis
0.1547360067157901,-0.2506750744138671,-0.2704911875039407,0.1224687383337309,-0.6674788861745643,0.1324631108008823,0.5501120826346657,0.7647611761330135,0.676298268101308,-0.2037449555738504,Arthritis
0.1114580582988778,-0.1903862729930122,-0.3904903392289838,-0.3188967750835972,-0.5126472825036082,-0.0470124645867016,0.5677299598903853,0.5836853698162348,0.2892901461593356,-0.0637949500892932,Arthritis
0.1189681788652246,0.112682180499479,-0.6752426548047272,-0.0990212702576461,-0.3755148860344882,0.1656748772739894,0.2870558111682835,0.3017072915605606,-0.1549223521135242,-0.2672549786692846,Arthritis
0.0208457092831511,-0.2109892406804515,-0.1773437618804412,0.2796011362944445,-0.3909318094688322,0.1417359628897471,0.2600071809495831,0.4208343974720499,0.9023441315406644,-0.343744971728332,Arthritis
0.1611212316616352,0.0413524222202449,-0.4962825992627163,0.3270018897054499,-0.4649566926554792,0.1396368603996476,0.2593560644728364,0.4785023317882167,0.169585168125167,-0.0856196281543658,Arthritis
-0.058365160350913,-0.0589601681569642,-0.5514175795163309,-0.445465251251139,-0.6332763495141082,0.1676069407519745,0.2984065602893676,0.6755037789069679,0.2344649725459623,-0.3827766345899561,Arthritis
0.1970541528787872,-0.0503878488823875,-0.2422079333518696,0.6107027638337056,-0.0677805489392471,-0.0657096928501637,0.238574562388772,0.0427571440365201,0.4504562051778962,0.0933620401918156,Arthritis
-0.0173370031750043,-0.1413308832945774,-0.3134966201573529,-0.0347844447422755,-0.6573283590851337,-0.0639446683842932,0.2606249441541935,0.8480180530455008,0.4964718910813722,0.1204440719244383,Arthritis
0.330944450311426,-0.0900736826158033,-0.3353553589753689,0.453570365872992,-0.3443276256449791,-0.0749825449390285,0.5286794640738547,0.3866839226974834,0.2244103417385403,0.233362056346297,Arthritis
-0.0173370031750043,-0.1413308832945774,-0.3134966201573529,-0.0347844447422755,-0.6573283590851337,-0.0639446683842932,0.2606249441541935,0.8480180530455008,0.4964718910813722,0.1204440719244383,Arthritis
-0.955373198456989,0.26502886447497,0.9270123827339822,-0.1292210119494146,-0.5301663721741762,0.0682465186548179,0.0286853865272201,0.7990842222979027,0.3511514652123765,0.0886618668532218,Pneumonia
-0.6857951110265743,0.5987941914582254,0.6305874579333149,-0.1444170089294499,-0.5188641429467306,0.0475699753809575,-0.0121489811267768,0.8080910076222089,0.3869475399732515,0.0500134312342267,Pneumonia
-0.955373198456989,0.26502886447497,0.9270123827339822,-0.1292210119494146,-0.5301663721741762,0.0682465186548179,0.0286853865272201,0.7990842222979027,0.3511514652123765,0.0886618668532218,Pneumonia
-0.8147087767483283,0.2665442047514398,0.8180490599852137,-0.3140799540260907,-0.4382022913611059,0.038971826597437,0.0010310927001639,0.6197597298711912,0.3628502801318614,0.0712466449430169,Pneumonia
-0.955373198456989,0.26502886447497,0.9270123827339822,-0.1292210119494146,-0.5301663721741762,0.0682465186548179,0.0286853865272201,0.7990842222979027,0.3511514652123765,0.0886618668532218,Pneumonia
-0.807337925896099,0.2572944797976658,0.8087434441218864,-0.3109450654768293,-0.4332058269854242,0.0384267474587013,-0.0014700042857335,0.6114056771111036,0.3591907796278377,0.0578390637624803,Pneumonia
-0.6857951110265743,0.5987941914582254,0.6305874579333149,-0.1444170089294499,-0.5188641429467306,0.0475699753809575,-0.0121489811267768,0.8080910076222089,0.3869475399732515,0.0500134312342267,Pneumonia
-0.8147087767483283,0.2665442047514398,0.8180490599852137,-0.3140799540260907,-0.4382022913611059,0.038971826597437,0.0010310927001639,0.6197597298711912,0.3628502801318614,0.0712466449430169,Pneumonia
-0.8147087767483283,0.2665442047514398,0.8180490599852137,-0.3140799540260907,-0.4382022913611059,0.038971826597437,0.0010310927001639,0.6197597298711912,0.3628502801318614,0.0712466449430169,Pneumonia
-0.807337925896099,0.2572944797976658,0.8087434441218864,-0.3109450654768293,-0.4332058269854242,0.0384267474587013,-0.0014700042857335,0.6114056771111036,0.3591907796278377,0.0578390637624803,Pneumonia
-0.8731930056239559,0.010869267947018,0.3317308119713718,-0.009266375088889,-0.4486958018329737,0.0691217960284599,-0.1384931636567725,0.6182640843312643,0.139106109102022,-0.0944421678704392,Pneumonia
-0.7516581351040185,-0.3578615738643485,0.1243479360856675,0.0781037858394683,-0.491566330987679,0.0511372071062715,0.0968638414585643,0.6852924864460854,0.3424760301862158,-0.1143048341250205,Pneumonia
-0.5084697161600243,0.0602059866427422,0.4775354929477862,0.1228690764450211,-0.2183148926605097,0.018510095058528,0.2225362517085196,0.3046375918795174,0.1731733760525449,0.1534980534285709,Pneumonia
-0.7780398592408514,0.4366712131314134,0.8031873074455864,0.2172229690440785,-0.2724049086945559,0.0663144551768329,0.0173346374061362,0.4252877349514952,-0.0382358594471102,0.2041835227738935,Pneumonia
-0.6373754375321907,0.4381865534078829,0.6942239846968179,0.0323640269674024,-0.1804408278814858,0.0370397631194519,-0.0103196564209199,0.2459632425247838,-0.0265370445276252,0.1867683008636886,Pneumonia
-0.3677973501017761,0.7719518803911383,0.3977990598961507,0.0171680299873671,-0.1691385986540401,0.0163632198455915,-0.0511540240749169,0.2549700278490902,0.0092590302332496,0.1481198652446935,Pneumonia
-0.155175721119149,-0.1898731857333419,0.1150549878890755,-1.135720295680407,-0.4837536725575687,-0.0797421426451898,0.2634787027035752,0.4263951880150598,0.3794841302075304,0.2716506958211522,Malaria
-0.155175721119149,-0.1898731857333419,0.1150549878890755,-1.135720295680407,-0.4837536725575687,-0.0797421426451898,0.2634787027035752,0.4263951880150598,0.3794841302075304,0.2716506958211522,Malaria
-0.155175721119149,-0.1898731857333419,0.1150549878890755,-1.135720295680407,-0.4837536725575687,-0.0797421426451898,0.2634787027035752,0.4263951880150598,0.3794841302075304,0.2716506958211522,Malaria
0.0063650237564417,0.1764240868353039,-0.0154440435488488,-0.7624862950933116,-0.5523965776165936,-0.0686017000797098,0.4253478502206794,0.6643646055976844,0.3920490413684968,0.0910899530424393,Malaria
-0.2890660185517882,-0.1501873519999261,0.2082024135125749,-0.9785878977196932,-0.2072065958518372,-0.070469290556325,-0.0266261989815075,0.0824684093540962,0.6055299936468862,0.1316506796666706,Malaria
-0.2210308008470057,-0.4362983975839894,-0.361957644261439,-0.8340416052924668,-0.4992436474051182,-0.0490470940754313,0.126455543332536,0.4332535952352205,0.1593994596817148,0.1193694641882325,Malaria
0.0221576180969888,-0.0182308370768984,-0.0087700873993204,-0.7892763146869142,-0.2259922090779488,-0.0816742061231749,0.2521279535824915,0.0525987006686525,-0.0099031944519562,0.3871723517418239,Malaria
-0.0436974616308682,-0.2646560489275463,-0.4857827195498351,-0.487597624298974,-0.2414821839254981,-0.0509791575534163,0.1151047942114522,0.0594571078888131,-0.2299878649777719,0.2348911201089042,Malaria
-0.3549210982796447,-0.3966125638505738,-0.2688102186379394,-0.6769092073317531,-0.2226965706993865,-0.0397742419865665,-0.1636493583525466,0.089326816574257,0.3854453231210705,-0.020630551966249,Malaria
-0.1275252736761973,0.2161099205687195,0.0777033820746504,-0.6053538971325979,-0.2758495009108619,-0.0593288479908449,0.1352429485355965,0.3204378269367204,0.6180949048078526,-0.0489100631120422,Malaria
0.0063650237564417,0.1764240868353039,-0.0154440435488488,-0.7624862950933116,-0.5523965776165936,-0.0686017000797098,0.4253478502206794,0.6643646055976844,0.3920490413684968,0.0910899530424393,Malaria
-0.155175721119149,-0.1898731857333419,0.1150549878890755,-1.135720295680407,-0.4837536725575687,-0.0797421426451898,0.2634787027035752,0.4263951880150598,0.3794841302075304,0.2716506958211522,Malaria
-0.2210308008470057,-0.4362983975839894,-0.361957644261439,-0.8340416052924668,-0.4992436474051182,-0.0490470940754313,0.126455543332536,0.4332535952352205,0.1593994596817148,0.1193694641882325,Malaria
0.0221576180969888,-0.0182308370768984,-0.0087700873993204,-0.7892763146869142,-0.2259922090779488,-0.0816742061231749,0.2521279535824915,0.0525987006686525,-0.0099031944519562,0.3871723517418239,Malaria
-0.475274179381389,0.1808478605097667,-0.1273139244117905,-0.2304641816428579,-0.0628792810119038,0.2445835904749878,-0.4851609184544154,-0.3021934674817093,-0.2015574725155503,0.3079157314022547,Heart Attack
-0.0441632914249715,0.1706799065897419,-0.5834647703475152,0.0484159263451801,-0.0774321700368819,0.2079196729221626,-0.118090156634928,-0.1848741929710624,0.0224166741450709,0.0766695192782189,Heart Attack
-0.0441632914249715,0.1706799065897419,-0.5834647703475152,0.0484159263451801,-0.0774321700368819,0.2079196729221626,-0.118090156634928,-0.1848741929710624,0.0224166741450709,0.0766695192782189,Heart Attack
-0.475274179381389,0.1808478605097667,-0.1273139244117905,-0.2304641816428579,-0.0628792810119038,0.2445835904749878,-0.4851609184544154,-0.3021934674817093,-0.2015574725155503,0.3079157314022547,Heart Attack
-0.4471579021443339,0.1514950112945401,-0.0669834794285354,-0.2361113337392029,-0.0190251232538127,0.0060980546537536,-0.3802017217760137,-0.1638195277001727,-0.215351237038071,0.1455765732997455,Heart Attack
-0.475274179381389,0.1808478605097667,-0.1273139244117905,-0.2304641816428579,-0.0628792810119038,0.2445835904749878,-0.4851609184544154,-0.3021934674817093,-0.2015574725155503,0.3079157314022547,Heart Attack
-0.0441632914249715,0.1706799065897419,-0.5834647703475152,0.0484159263451801,-0.0774321700368819,0.2079196729221626,-0.118090156634928,-0.1848741929710624,0.0224166741450709,0.0766695192782189,Heart Attack
-0.475274179381389,0.1808478605097667,-0.1273139244117905,-0.2304641816428579,-0.0628792810119038,0.2445835904749878,-0.4851609184544154,-0.3021934674817093,-0.2015574725155503,0.3079157314022547,Heart Attack
-0.4471579021443339,0.1514950112945401,-0.0669834794285354,-0.2361113337392029,-0.0190251232538127,0.0060980546537536,-0.3802017217760137,-0.1638195277001727,-0.215351237038071,0.1455765732997455,Heart Attack
-0.3137334345057982,0.5471451330784127,-0.257812955849715,0.1427698189442377,-0.1315221860709286,0.2557240330404678,-0.3232917709373114,-0.0642240498990846,-0.1889925613545839,0.1273549886235417,Heart Attack
-0.475274179381389,0.1808478605097667,-0.1273139244117905,-0.2304641816428579,-0.0628792810119038,0.2445835904749878,-0.4851609184544154,-0.3021934674817093,-0.2015574725155503,0.3079157314022547,Heart Attack
-0.2856171572687431,0.5177922838631862,-0.1974825108664598,0.1371226668478926,-0.0876680283128375,0.0172384972192335,-0.2183325742589096,0.0741498898824519,-0.2027863258771046,-0.0349841694789674,Heart Attack
-0.3137334345057982,0.5471451330784127,-0.257812955849715,0.1427698189442377,-0.1315221860709286,0.2557240330404678,-0.3232917709373114,-0.0642240498990846,-0.1889925613545839,0.1273549886235417,Heart Attack
0.2595191258159405,-0.4766539657196968,-0.3959787467257945,-0.3981359988968399,0.7826919289713619,0.0281584930554293,-0.5383695516119253,-0.0630289446308603,-0.1080762503722722,0.2417337213003952,Glaucoma
-0.1854835761973836,-0.2259617340554331,-0.4706299413569778,-0.3550050539020896,0.3499239166577563,-0.0244674797877187,-0.2341068800701353,-0.1582299858179127,0.0269394341334612,0.1583837081484384,Glaucoma
0.2674149429498168,-0.4756624468583941,-0.3179840992951525,-0.3735961713330109,0.4678329050938398,0.0109196673785966,-0.4792627790154208,-0.1892686295850977,-0.1389576860441493,0.1782411171063795,Glaucoma
-0.1854835761973836,-0.2259617340554331,-0.4706299413569778,-0.3550050539020896,0.3499239166577563,-0.0244674797877187,-0.2341068800701353,-0.1582299858179127,0.0269394341334612,0.1583837081484384,Glaucoma
0.4300818997744056,-0.1082723860904976,-0.3648763439048695,0.0207977698342161,0.0418223323840229,-0.0002844395357314,-0.2511238802977293,-0.1012231274082396,-0.1571189866686595,-0.0696499991716412,Glaucoma
0.4289556878254077,-0.1093651742897482,-0.4484831307330768,-0.0003621707459153,0.3991900000348148,0.0220601099440767,-0.3173936314983165,0.0487007879975266,-0.126392774883183,-0.0023196256723333,Glaucoma
0.4300818997744056,-0.1082723860904976,-0.3648763439048695,0.0207977698342161,0.0418223323840229,-0.0002844395357314,-0.2511238802977293,-0.1012231274082396,-0.1571189866686595,-0.0696499991716412,Glaucoma
0.2595191258159405,-0.4766539657196968,-0.3959787467257945,-0.3981359988968399,0.7826919289713619,0.0281584930554293,-0.5383695516119253,-0.0630289446308603,-0.1080762503722722,0.2417337213003952,Glaucoma
-0.0239428313217927,0.1403355385132128,-0.6011289727949021,0.018228946685006,0.2812810115987315,-0.0133270372222387,-0.072237732553031,0.0797394317647116,0.0395043452944275,-0.0221770346302744,Glaucoma
0.4210598706915314,-0.1103566931510508,-0.5264777781637188,-0.0249019983097444,0.7140490239123369,0.0392989356209094,-0.3765004040948212,0.1749404729517641,-0.0955113392113058,0.0611729785216822,Glaucoma
-0.3661560182338042,-0.478163707671748,-0.3071115401012119,-0.1362855513223397,0.0842234963689157,-0.0414119385158773,0.3411325646977641,-0.346802009600299,-0.3300090013105152,-0.026853091617459,Rabies
-0.1775877590635072,-0.2249702151941305,-0.3926352939263356,-0.3304652263382602,0.0350648927802338,-0.0417063054645515,-0.1750001074736304,-0.2844696707721503,-0.0039420015384159,0.0948911039544228,Rabies
-0.2046152733582133,-0.111866435103102,-0.4376105715391365,0.2369484492647556,0.0155805913098909,-0.0302714959503973,0.5030017122148683,-0.1088325920176746,-0.3174440901495489,-0.2074138343961719,Rabies
-0.3661560182338042,-0.478163707671748,-0.3071115401012119,-0.1362855513223397,0.0842234963689157,-0.0414119385158773,0.3411325646977641,-0.346802009600299,-0.3300090013105152,-0.026853091617459,Rabies
-0.1775877590635072,-0.2249702151941305,-0.3926352939263356,-0.3304652263382602,0.0350648927802338,-0.0417063054645515,-0.1750001074736304,-0.2844696707721503,-0.0039420015384159,0.0948911039544228,Rabies
-0.1775877590635072,-0.2249702151941305,-0.3926352939263356,-0.3304652263382602,0.0350648927802338,-0.0417063054645515,-0.1750001074736304,-0.2844696707721503,-0.0039420015384159,0.0948911039544228,Rabies
-0.1775877590635072,-0.2249702151941305,-0.3926352939263356,-0.3304652263382602,0.0350648927802338,-0.0417063054645515,-0.1750001074736304,-0.2844696707721503,-0.0039420015384159,0.0948911039544228,Rabies
-0.1775877590635072,-0.2249702151941305,-0.3926352939263356,-0.3304652263382602,0.0350648927802338,-0.0417063054645515,-0.1750001074736304,-0.2844696707721503,-0.0039420015384159,0.0948911039544228,Rabies
-0.1775877590635072,-0.2249702151941305,-0.3926352939263356,-0.3304652263382602,0.0350648927802338,-0.0417063054645515,-0.1750001074736304,-0.2844696707721503,-0.0039420015384159,0.0948911039544228,Rabies
-0.1775877590635072,-0.2249702151941305,-0.3926352939263356,-0.3304652263382602,0.0350648927802338,-0.0417063054645515,-0.1750001074736304,-0.2844696707721503,-0.0039420015384159,0.0948911039544228,Rabies
-1.1493805439947524,-1.6249755411383822,0.3617288647507233,-0.335407602458141,0.2954892354167134,-0.0181217478814238,0.3063605095110297,-0.0526060626340766,-0.1858339055142389,-0.1857439387422763,Swine Flu
-0.9720472047786148,-1.4533331924819386,0.2379037894623269,0.011036378535352,0.5532506988963334,-0.0200538113594087,0.295009760389946,-0.4264025499804839,-0.5752212301737255,-0.0702222828216046,Swine Flu
-0.958085232939119,-1.3329703769082706,0.1862887124868342,-0.6867449040880224,0.2615986366391935,0.0119206690383426,0.6245852579522266,-0.004354691941472,-0.0599879405061352,-0.2293356911901531,Swine Flu
-1.0537729083152771,-1.5438116549058152,0.4184044826907401,-0.2917947817023886,-0.0582236793869228,-0.0334578199335331,0.1788964511560181,-0.2004271387245238,-0.1951808009447182,-0.1836708675558115,Swine Flu
-0.9878397991191616,-1.2586782685697362,0.2312298333127989,0.0378263981289542,0.2268463303576885,-0.0069813053159437,0.4682296570281339,0.1853633549485477,-0.1732689943532727,-0.3663046815209892,Swine Flu
-1.0999703916154653,-1.3567404337741251,0.2319029943117237,-0.1598090544616686,0.2027633172430064,-0.033509676631689,0.2025569913866597,0.1175573978196448,-0.092916820989528,-0.0622076306577237,Swine Flu
-0.8798024565643379,-1.291210214155127,0.0653039399500561,-0.3506035994381765,0.3067914646441589,-0.0387982911552842,0.2655261418570326,-0.0435992773097702,-0.150037830753364,-0.2243923743612715,Swine Flu
-1.1493805439947524,-1.6249755411383822,0.3617288647507233,-0.335407602458141,0.2954892354167134,-0.0181217478814238,0.3063605095110297,-0.0526060626340766,-0.1858339055142389,-0.1857439387422763,Swine Flu
-1.1493805439947524,-1.6249755411383822,0.3617288647507233,-0.335407602458141,0.2954892354167134,-0.0181217478814238,0.3063605095110297,-0.0526060626340766,-0.1858339055142389,-0.1857439387422763,Swine Flu
-1.1493805439947524,-1.6249755411383822,0.3617288647507233,-0.335407602458141,0.2954892354167134,-0.0181217478814238,0.3063605095110297,-0.0526060626340766,-0.1858339055142389,-0.1857439387422763,Swine Flu
-0.5236035131679149,-0.7138668694506143,-0.0113597762994696,0.0765458982483187,0.0970042802561522,0.0057929760737282,0.6476395979932353,-0.2880028377957023,-0.4461572494351347,-0.2923017068617295,Swine Flu
-0.908675080559832,-1.0647352695440135,0.0564628420478345,-0.5111463560915499,0.1688727184654865,-0.0034672597119225,0.5207817398278569,0.1658087685122492,0.0329291440185757,-0.1057993831056005,Swine Flu
-0.5462164093352783,-0.6886177280806861,-0.0933700663740505,-0.325571905701872,-0.1888059719218663,-0.0698166589063329,-0.4818741067937434,0.0410754458816524,0.2595993581129669,0.0229612004816277,Swine Flu
-0.815794496765693,-1.0223830550639417,0.2030548584266167,-0.3103759087218367,-0.2001082011493119,-0.0491401156324725,-0.4410397391397464,0.0320686605573461,0.2238032833520919,0.0616096361006228,Swine Flu
-0.6357341056642188,-0.8119290346550033,-0.0106866153005447,-0.1210895543423044,0.07292126714147,-0.0207353952420169,0.3819669323517612,-0.3558087949246054,-0.3658050760713901,0.011795344001536,Swine Flu
-0.0160470141879164,0.1413270573745152,-0.5231343253642601,0.042768774248835,-0.0335780122787909,-0.0305658628990714,-0.0131309599565263,-0.0465002531895258,0.0086229096225503,-0.0856696388242901,Epilepsy
-0.0160470141879164,0.1413270573745152,-0.5231343253642601,0.042768774248835,-0.0335780122787909,-0.0305658628990714,-0.0131309599565263,-0.0465002531895258,0.0086229096225503,-0.0856696388242901,Epilepsy
-0.0160470141879164,0.1413270573745152,-0.5231343253642601,0.042768774248835,-0.0335780122787909,-0.0305658628990714,-0.0131309599565263,-0.0465002531895258,0.0086229096225503,-0.0856696388242901,Epilepsy
-0.0160470141879164,0.1413270573745152,-0.5231343253642601,0.042768774248835,-0.0335780122787909,-0.0305658628990714,-0.0131309599565263,-0.0465002531895258,0.0086229096225503,-0.0856696388242901,Epilepsy
-0.0160470141879164,0.1413270573745152,-0.5231343253642601,0.042768774248835,-0.0335780122787909,-0.0305658628990714,-0.0131309599565263,-0.0465002531895258,0.0086229096225503,-0.0856696388242901,Epilepsy
-0.0160470141879164,0.1413270573745152,-0.5231343253642601,0.042768774248835,-0.0335780122787909,-0.0305658628990714,-0.0131309599565263,-0.0465002531895258,0.0086229096225503,-0.0856696388242901,Epilepsy
-0.0160470141879164,0.1413270573745152,-0.5231343253642601,0.042768774248835,-0.0335780122787909,-0.0305658628990714,-0.0131309599565263,-0.0465002531895258,0.0086229096225503,-0.0856696388242901,Epilepsy
-0.0160470141879164,0.1413270573745152,-0.5231343253642601,0.042768774248835,-0.0335780122787909,-0.0305658628990714,-0.0131309599565263,-0.0465002531895258,0.0086229096225503,-0.0856696388242901,Epilepsy
-0.0160470141879164,0.1413270573745152,-0.5231343253642601,0.042768774248835,-0.0335780122787909,-0.0305658628990714,-0.0131309599565263,-0.0465002531895258,0.0086229096225503,-0.0856696388242901,Epilepsy
-0.0160470141879164,0.1413270573745152,-0.5231343253642601,0.042768774248835,-0.0335780122787909,-0.0305658628990714,-0.0131309599565263,-0.0465002531895258,0.0086229096225503,-0.0856696388242901,Epilepsy
-0.2593625408665243,-1.7421538976920543,0.554803725332114,0.1745890244982598,0.3301773987160459,-0.0142142731249284,0.2089580507344772,-0.7164841432912555,-0.6329842465787602,-0.0547332434813039,Influenza
-0.068067229810891,-1.450148733461942,0.3793635730682251,-0.1767482771316215,0.2962867999385257,0.0158281437948379,0.5271827991756736,-0.6682327725986511,-0.5071382815706564,-0.0983249959291805,Influenza
-0.7054914548288459,-1.4925544542270408,0.3965457438727236,0.1965600289128789,0.2547770540532317,-0.0444956964882684,0.44695097107568,-0.6617612690725417,-0.4672423502875501,-0.0707528831339527,Influenza
-0.0707942816962271,-1.4889604052144365,0.4692799715069904,-0.0195906505176605,0.2810187951273638,-0.0145086400736025,-0.3071746214369177,-0.6541518044631067,-0.3069172468066609,0.0670109520905779,Influenza
-0.4303106551368174,-1.621768749714385,0.4528373888617343,0.0326781948764855,0.274938128755511,-0.005108460048178,-0.0704472183062682,-0.6289465002896449,-0.7503100218954147,-0.052129571982491,Influenza
-0.0978217959909334,-1.375856625123408,0.4243046938941896,0.5478230250853552,0.2615344936570209,-0.0030738305594483,0.3708271982515812,-0.4785147257086311,-0.6204193354177937,-0.2352939862600168,Influenza
-0.2593625408665243,-1.7421538976920543,0.554803725332114,0.1745890244982598,0.3301773987160459,-0.0142142731249284,0.2089580507344772,-0.7164841432912555,-0.6329842465787602,-0.0547332434813039,Influenza
-0.2099523884872373,-1.4739187903277968,0.4249778548931145,0.350187572494732,0.2374514805423389,-0.0296022018751936,0.1051545326101074,-0.5463206828375343,-0.5400671620540491,0.0688030646032486,Influenza
0.0102155465638903,-1.4083885707087982,0.2583788005314468,0.1593930275182244,0.3414796279434915,-0.0348908163987888,0.1681236830804802,-0.7074773579669491,-0.597188171817885,-0.093381679100299,Influenza
-0.2593625408665243,-1.7421538976920543,0.554803725332114,0.1745890244982598,0.3301773987160459,-0.0142142731249284,0.2089580507344772,-0.7164841432912555,-0.6329842465787602,-0.0547332434813039,Influenza
-0.2593625408665243,-1.7421538976920543,0.554803725332114,0.1745890244982598,0.3301773987160459,-0.0142142731249284,0.2089580507344772,-0.7164841432912555,-0.6329842465787602,-0.0547332434813039,Influenza
-0.2593625408665243,-1.7421538976920543,0.554803725332114,0.1745890244982598,0.3301773987160459,-0.0142142731249284,0.2089580507344772,-0.7164841432912555,-0.6329842465787602,-0.0547332434813039,Influenza
-0.0643778516140769,0.2572981723620386,-0.8659607297319498,0.1437400265334766,-0.2775703738792568,1.0403971874346014,-0.0056927367051654,-0.7947857997025053,0.2644650612519895,0.5558803737939145,Sclerosis
-0.0581690371442676,0.2297855184848402,-0.7751464207003964,0.1155131826218761,-0.2154088052822778,0.6442532620843887,0.042552359434969,-0.6435537757774934,0.1953661689762135,0.7268254662830754,Sclerosis
-0.0573749787544288,0.2277453664144892,-0.770119904555509,0.1101913983951287,-0.2085820562565593,0.8222303928534882,-0.0860139947401136,-0.5654460082992903,0.1779903138364182,0.230802400291486,Sclerosis
-0.0573749787544287,0.2277453664144893,-0.7701199045555095,0.1101913983951287,-0.2085820562565589,0.8222303928534875,-0.0860139947401143,-0.5654460082992901,0.1779903138364179,0.2308024002914861,Sclerosis
-0.0643778516140769,0.2572981723620386,-0.8659607297319498,0.1437400265334766,-0.2775703738792568,1.0403971874346014,-0.0056927367051654,-0.7947857997025053,0.2644650612519895,0.5558803737939145,Sclerosis
-0.0643778516140769,0.2572981723620386,-0.8659607297319498,0.1437400265334766,-0.2775703738792568,1.0403971874346014,-0.0056927367051654,-0.7947857997025053,0.2644650612519895,0.5558803737939145,Sclerosis
-0.0643778516140769,0.2572981723620386,-0.8659607297319498,0.1437400265334766,-0.2775703738792568,1.0403971874346014,-0.0056927367051654,-0.7947857997025053,0.2644650612519895,0.5558803737939145,Sclerosis
-0.0643778516140769,0.2572981723620386,-0.8659607297319498,0.1437400265334766,-0.2775703738792568,1.0403971874346014,-0.0056927367051654,-0.7947857997025053,0.2644650612519895,0.5558803737939145,Sclerosis
-0.0643778516140769,0.2572981723620386,-0.8659607297319498,0.1437400265334766,-0.2775703738792568,1.0403971874346014,-0.0056927367051654,-0.7947857997025053,0.2644650612519895,0.5558803737939145,Sclerosis
-0.0362615743770218,0.227945323146812,-0.8056302847486947,0.1380928744371316,-0.2337162161211658,0.8019116516133673,0.0992664599732362,-0.6564118599209687,0.2506712967294688,0.3935412156914054,Sclerosis
-0.956802482559222,-0.3041644090659631,1.1826014486677134,1.626991554966825,-0.1465887354414145,0.0756153697153799,0.0674374538005057,0.3920343654241559,-0.3854309219567585,0.0140078638725703,Tuberculosis
-0.998955535355632,-0.2328346507867288,1.003641393125701,1.200968395003729,-0.0571469288204236,0.1016533865897218,0.095137200495953,0.2152393251964998,-0.7099384421954495,-0.1676274866423484,Tuberculosis
-0.765507171503589,-0.0121592448358512,1.0071612964038237,1.2756542533369448,-0.1804793342189347,0.1056577866351463,0.3856622022417026,0.4402857361167607,-0.2595849569486547,-0.0295838885753062,Tuberculosis
-0.6872323394783956,-0.6806296355546336,0.856949634169913,1.532637662367768,-0.0924987194073685,0.027811009597075,0.2726390681028893,0.2713842223521783,-0.1740216864571035,-0.0366776054727521,Tuberculosis
-1.181605456398228,-0.4262824137061979,0.7660986369260958,1.4904417960409162,-0.294287487796894,0.0412234369011573,0.050519655069848,0.4983574728785589,-0.3857259745144379,0.1553851985318875,Tuberculosis
-0.7682342233889248,-0.0509709165883457,1.09707769484259,1.432811879950905,-0.1957473390300968,0.0753210027667058,-0.4486952183708888,0.4543667042523048,-0.0593639221846596,0.135752059444452,Tuberculosis
-0.8087672099983323,-0.3118987937432673,1.0643325100556171,1.445267501439411,-0.0496281902526627,0.0457955985192633,0.0372820629875521,0.2043558202373569,-0.3773916075412973,-0.0168149392181711,Tuberculosis
-0.8161380608505615,-0.3026490687894934,1.0736381259189445,1.4421326128901488,-0.0546246546283443,0.0463406776579989,0.0397831599734495,0.2127098729974443,-0.3737321070372736,-0.0034073580376345,Tuberculosis
-0.6872243951288075,0.0296009179172923,0.8861765238670457,1.6117955579867895,-0.1352865062139689,0.0549388264415195,0.0266030861465087,0.4010411507484622,-0.3496348471958835,-0.0246405717464248,Tuberculosis
-0.956802482559222,-0.3041644090659631,1.1826014486677134,1.626991554966825,-0.1465887354414145,0.0756153697153799,0.0674374538005057,0.3920343654241559,-0.3854309219567585,0.0140078638725703,Tuberculosis
-0.956802482559222,-0.3041644090659631,1.1826014486677134,1.626991554966825,-0.1465887354414145,0.0756153697153799,0.0674374538005057,0.3920343654241559,-0.3854309219567585,0.0140078638725703,Tuberculosis
-0.956802482559222,-0.3041644090659631,1.1826014486677134,1.626991554966825,-0.1465887354414145,0.0756153697153799,0.0674374538005057,0.3920343654241559,-0.3854309219567585,0.0140078638725703,Tuberculosis
0.6202900300663787,-1.1543069219296944,1.5073356948741947,-1.376107384781336,0.0581743701919268,0.1029174235357639,-0.2425495635098363,-0.2158434270984809,0.3320559981810029,-0.190793477438305,Typhoid
0.7976233692825166,-0.982664573273252,1.3835106195857994,-1.0296634037878425,0.3159358336715471,0.1009853600577788,-0.2539003126309202,-0.5896399144448882,-0.0573313264784838,-0.0752718215176332,Typhoid
0.5544349503385219,-1.4007321337803418,1.030323062723681,-1.0744286943933958,0.0426843953443776,0.1336124721055224,-0.3795727228808755,-0.2089850198783202,0.1119713276551873,-0.3430747090712247,Typhoid
0.3954870562273737,-1.2764249265699297,1.090832883132578,-1.5126571437072451,-0.0895243821635527,0.0685254907215413,-0.2594673622404942,-0.1095203196440781,0.3317609456233237,-0.0494161427789877,Typhoid
0.1577412398223206,-1.0217726652749923,1.3787854580809895,-1.3532600512508346,0.113008291659064,0.0749891349289666,-0.2499397313873132,-0.3287122786805382,0.4253455967715893,-0.1799593599682713,Typhoid
0.1741611161040571,-0.904707478464682,1.3490777134148046,-1.3541363803667168,-0.017225974470887,0.0726360001724239,-0.0045566431686334,-0.1611205528797672,0.4977978944722129,-0.2068131170909539,Typhoid
0.7818307749419692,-0.7880096493610481,1.37683666343627,-1.00287338419424,-0.010468534867098,0.1140578661012439,-0.0806804159927321,0.0221259904841436,0.3446209093419694,-0.371354220217018,Typhoid
0.669700182445666,-0.8860718145654372,1.377509824435195,-1.2005088367848638,-0.0345515479817801,0.0875294947854986,-0.3463530816342063,-0.0456799666447595,0.424973082705714,-0.0672571693537523,Typhoid
0.8898681174967933,-0.820541594946439,1.2109107700735278,-1.3913033817613714,0.0694765994193724,0.0822408802619034,-0.2833839311638333,-0.2068366417741746,0.3678520729418779,-0.2294419130573001,Typhoid
0.5728582248751372,-1.0832552018783066,1.422549966810325,-1.2116832062683387,0.0503283194187535,0.0805571248939622,-0.1691114152230227,-0.1803611968067358,0.2750681951090932,-0.140111241356947,Typhoid
0.6202900300663787,-1.1543069219296944,1.5073356948741947,-1.376107384781336,0.0581743701919268,0.1029174235357639,-0.2425495635098363,-0.2158434270984809,0.3320559981810029,-0.190793477438305,Typhoid
0.5728582248751372,-1.0832552018783068,1.4225499668103248,-1.2116832062683387,0.0503283194187534,0.0805571248939622,-0.1691114152230228,-0.180361196806736,0.2750681951090931,-0.140111241356947,Typhoid
1.8413584134729395,-0.0974265885693747,1.100828432234278,0.670705947776507,0.1963546182457045,-0.0215983591305466,0.368481101822766,-0.0225462412425266,0.8081962942033448,0.0694938298426612,Jaundice
1.654257953942036,-0.0921648587978548,1.0371826236122947,0.5712647559349809,0.1789675407735558,-0.006213745858489,0.1785887223444603,-0.0410604015491078,0.5638934781931728,0.0865713321690085,Jaundice
1.7992053606765297,-0.0260968302901408,0.9218683766922674,0.244682787813411,0.2857964248666954,0.0044396577437951,0.3961808485182129,-0.1993412814701829,0.4836887739646534,-0.1121415206722573,Jaundice
1.7755033337450845,-0.3438518004200226,0.6238158000837634,0.9723846381644472,0.1808646433981552,0.0090966894392118,0.231457942451727,-0.0156878340223657,0.5881116236775285,-0.0827874017902584,Jaundice
1.616555439633936,-0.2195445932096096,0.6843256204926603,0.5341561888505978,0.0486558658902249,-0.0559902919447692,0.3515633030921083,0.0837768662118762,0.8079012416456649,0.2108711645019785,Jaundice
1.378809623228882,0.0351076680853278,0.9722781954410726,0.6935532813070079,0.2511885397128419,-0.049526647737344,0.3610909339452894,-0.1354150928245838,0.9014858927939304,0.080327947312695,Jaundice
1.3952294995106187,0.1521728548956381,0.9425704507748872,0.6926769521911258,0.1209542735828907,-0.0518797824938867,0.6064740221639693,0.032176632976187,0.9739381904945544,0.0534741901900123,Jaundice
1.583490370182934,-0.0692400622827399,1.0017615374148414,0.5001966862680806,0.1333616789316067,-0.0191877099076199,0.3518051475050482,0.0062357670318807,0.6561072493897662,0.0923739570216859,Jaundice
1.6704102992026475,0.0229585594082942,0.9988620957638982,0.5287951181547327,0.1411153482851695,-0.0124925460537963,0.0890758327820205,0.0649914017590838,0.6908705188866902,0.0720975013414741,Jaundice
1.8413584134729395,-0.0974265885693747,1.100828432234278,0.670705947776507,0.1963546182457045,-0.0215983591305466,0.368481101822766,-0.0225462412425266,0.8081962942033448,0.0694938298426612,Jaundice
1.8413584134729395,-0.0974265885693747,1.100828432234278,0.670705947776507,0.1963546182457045,-0.0215983591305466,0.368481101822766,-0.0225462412425266,0.8081962942033448,0.0694938298426612,Jaundice
1.8413584134729395,-0.0974265885693747,1.100828432234278,0.670705947776507,0.1963546182457045,-0.0215983591305466,0.368481101822766,-0.0225462412425266,0.8081962942033448,0.0694938298426612,Jaundice
1.8413584134729395,-0.0974265885693747,1.100828432234278,0.670705947776507,0.1963546182457045,-0.0215983591305466,0.368481101822766,-0.0225462412425266,0.8081962942033448,0.0694938298426612,Jaundice
1.8413584134729395,-0.0974265885693747,1.100828432234278,0.670705947776507,0.1963546182457045,-0.0215983591305466,0.368481101822766,-0.0225462412425266,0.8081962942033448,0.0694938298426612,Jaundice
1.8413584134729395,-0.0974265885693747,1.100828432234278,0.670705947776507,0.1963546182457045,-0.0215983591305466,0.368481101822766,-0.0225462412425266,0.8081962942033448,0.0694938298426612,Jaundice
-0.572606077821698,-0.6043154945568497,0.5562424152887354,-0.2656106181162836,0.0731432371778573,-0.081767227680216,-0.3153673288897912,-0.3485862340092222,0.0545006292184208,0.3294125236542143,AIDS
-0.3391577139696547,-0.3836400886059722,0.5597623185668572,-0.1909247597830689,-0.0501891682206537,-0.0777628276347915,-0.0248423271440416,-0.1235398230889614,0.504854114465216,0.467456121721256,AIDS
-0.5963081047531446,-0.9220704646867316,0.2581898386802311,0.4620912322347525,-0.0317885442906831,-0.0771101959847994,-0.4800902349562773,-0.1649327865614052,0.1589234789312961,0.3587666425362134,AIDS
-0.3689122801496972,-0.3093479802674381,0.6047034393928211,0.5336465424339082,-0.0849414745021585,-0.0966648019890778,-0.1811979280681341,0.0661782238010584,0.3915730606180782,0.3304871313904197,AIDS
-0.5304530250252879,-0.675645252836084,0.7352024708307457,0.1604125418468127,-0.0162985694431336,-0.1078052445545578,-0.3430670755852383,-0.1717911937815658,0.3790081494571119,0.5110478741691328,AIDS
-0.5304530250252879,-0.675645252836084,0.7352024708307457,0.1604125418468127,-0.0162985694431336,-0.1078052445545578,-0.3430670755852383,-0.1717911937815658,0.3790081494571119,0.5110478741691328,AIDS
-0.2608749375948732,-0.3418799258528288,0.4387775460300784,0.1452165448667774,-0.004996340215688,-0.1284817878284183,-0.3839014432392352,-0.1627844084572595,0.4148042242179868,0.4723994385501375,AIDS
-0.5304530250252879,-0.675645252836084,0.7352024708307457,0.1604125418468127,-0.0162985694431336,-0.1078052445545578,-0.3430670755852383,-0.1717911937815658,0.3790081494571119,0.5110478741691328,AIDS
-0.5304530250252879,-0.675645252836084,0.7352024708307457,0.1604125418468127,-0.0162985694431336,-0.1078052445545578,-0.3430670755852383,-0.1717911937815658,0.3790081494571119,0.5110478741691328,AIDS
-0.5304530250252879,-0.675645252836084,0.7352024708307457,0.1604125418468127,-0.0162985694431336,-0.1078052445545578,-0.3430670755852383,-0.1717911937815658,0.3790081494571119,0.5110478741691328,AIDS
-0.5304530250252879,-0.675645252836084,0.7352024708307457,0.1604125418468127,-0.0162985694431336,-0.1078052445545578,-0.3430670755852383,-0.1717911937815658,0.3790081494571119,0.5110478741691328,AIDS
-0.5304530250252879,-0.675645252836084,0.7352024708307457,0.1604125418468127,-0.0162985694431336,-0.1078052445545578,-0.3430670755852383,-0.1717911937815658,0.3790081494571119,0.5110478741691328,AIDS
1.184006396091843,-0.4388803286217116,0.4546837517132787,0.6563467583679317,0.2315707013639827,0.0295827157425953,-0.5283647078130735,-0.1717107622475974,-0.2238704528960923,-0.2011498260321403,Hepatitis D
1.184006396091843,-0.4388803286217116,0.4546837517132787,0.6563467583679317,0.2315707013639827,0.0295827157425953,-0.5283647078130735,-0.1717107622475974,-0.2238704528960923,-0.2011498260321403,Hepatitis D
0.7378774821295212,-0.1892808851566985,0.2964257702538884,0.6783177627825511,0.156170356701169,-0.0006987076207446,-0.2903717874718707,-0.1169878880288837,-0.0581285566048825,-0.2171694656847892,Hepatitis D
1.3753017071474758,-0.1468751643915997,0.2792435994493901,0.3050094567380509,0.1976801025864625,0.0596251326623616,-0.210139959371877,-0.1234593915549926,-0.0980244878879885,-0.2447415784800169,Hepatitis D
1.184006396091843,-0.4388803286217116,0.4546837517132787,0.6563467583679317,0.2315707013639827,0.0295827157425953,-0.5283647078130735,-0.1717107622475974,-0.2238704528960923,-0.2011498260321403,Hepatitis D
1.184006396091843,-0.4388803286217116,0.4546837517132787,0.6563467583679317,0.2315707013639827,0.0295827157425953,-0.5283647078130735,-0.1717107622475974,-0.2238704528960923,-0.2011498260321403,Hepatitis D
1.184006396091843,-0.4388803286217116,0.4546837517132787,0.6563467583679317,0.2315707013639827,0.0295827157425953,-0.5283647078130735,-0.1717107622475974,-0.2238704528960923,-0.2011498260321403,Hepatitis D
0.9592034222528374,-0.5609983332619463,0.038180939971661,0.5197969994420234,0.0838719490085032,-0.0048092170716272,-0.5452825065437316,-0.0653876547931944,-0.2241655054537715,-0.0597724913728232,Hepatitis D
0.7214576058477844,-0.3063460719670091,0.3261335149200739,0.6791940918984328,0.2864046228311198,0.001654427135798,-0.5357548756905504,-0.2845796138296545,-0.130580854305506,-0.1903157085621066,Hepatitis D
0.9261383528018364,-0.4106938023350768,0.355616856893842,0.4858374968595054,0.1685777620498849,0.031993364965522,-0.5450406621307915,-0.14292875397319,-0.3759594977096706,-0.1782696988531155,Hepatitis D
